,simulation_id,wind_speed,fuel_load_category,control_fuel_load,treatment_fuel_load,control_fuel_height,treatment_fuel_height,control_fuel_moisture_content,treatment_fuel_moisture_content,control_sav,treatment_sav,circle_radius,fuel_model,resolution,ros
0,0,0.5,high,0.31,0.155,0.6096,0.1524,0.15,0.15,6561,6561,1.8288,pfm,coarse,0.0
1,1,0.5455,high,0.31,0.155,0.6096,0.1524,0.15,0.15,6561,6561,1.8288,pfm,coarse,0.0
2,2,0.5909,high,0.31,0.155,0.6096,0.1524,0.15,0.15,6561,6561,1.8288,pfm,coarse,0.0
3,3,0.6364,high,0.31,0.155,0.6096,0.1524,0.15,0.15,6561,6561,1.8288,pfm,coarse,0.0
4,4,0.6818,high,0.31,0.155,0.6096,0.1524,0.15,0.15,6561,6561,1.8288,pfm,coarse,0.0
5,5,0.7273,high,0.31,0.155,0.6096,0.1524,0.15,0.15,6561,6561,1.8288,pfm,coarse,0.2776580605658854
6,6,0.7727,high,0.31,0.155,0.6096,0.1524,0.15,0.15,6561,6561,1.8288,pfm,coarse,0.3035924251690155
7,7,0.8182,high,0.31,0.155,0.6096,0.1524,0.15,0.15,6561,6561,1.8288,pfm,coarse,0.3367580719311238
8,8,0.8636,high,0.31,0.155,0.6096,0.1524,0.15,0.15,6561,6561,1.8288,pfm,coarse,0.3599242207682919
9,9,0.9091,high,0.31,0.155,0.6096,0.1524,0.15,0.15,6561,6561,1.8288,pfm,coarse,0.37156585048499113
10,10,0.9545,high,0.31,0.155,0.6096,0.1524,0.15,0.15,6561,6561,1.8288,pfm,coarse,0.40104220249163947
11,11,1.0,high,0.31,0.155,0.6096,0.1524,0.15,0.15,6561,6561,1.8288,pfm,coarse,0.4252299000693076
12,12,1.0455,high,0.31,0.155,0.6096,0.1524,0.15,0.15,6561,6561,1.8288,pfm,coarse,0.4341349398143847
13,13,1.0909,high,0.31,0.155,0.6096,0.1524,0.15,0.15,6561,6561,1.8288,pfm,coarse,0.4478931892899695
14,14,1.1364,high,0.31,0.155,0.6096,0.1524,0.15,0.15,6561,6561,1.8288,pfm,coarse,0.4748294497461842
15,15,1.1818,high,0.31,0.155,0.6096,0.1524,0.15,0.15,6561,6561,1.8288,pfm,coarse,0.4767691206213682
16,16,1.2273,high,0.31,0.155,0.6096,0.1524,0.15,0.15,6561,6561,1.8288,pfm,coarse,0.5012943875856763
17,17,1.2727,high,0.31,0.155,0.6096,0.1524,0.15,0.15,6561,6561,1.8288,pfm,coarse,0.5261801169623361
18,18,1.3182,high,0.31,0.155,0.6096,0.1524,0.15,0.15,6561,6561,1.8288,pfm,coarse,0.5423517623917691
19,19,1.3636,high,0.31,0.155,0.6096,0.1524,0.15,0.15,6561,6561,1.8288,pfm,coarse,0.5331568864169444
20,20,1.4091,high,0.31,0.155,0.6096,0.1524,0.15,0.15,6561,6561,1.8288,pfm,coarse,0.5564691170160025
21,21,1.4545,high,0.31,0.155,0.6096,0.1524,0.15,0.15,6561,6561,1.8288,pfm,coarse,0.5820850900197665
22,22,1.5,high,0.31,0.155,0.6096,0.1524,0.15,0.15,6561,6561,1.8288,pfm,coarse,0.5851395539034878
23,23,1.5455,high,0.31,0.155,0.6096,0.1524,0.15,0.15,6561,6561,1.8288,pfm,coarse,0.5901132998964153
24,24,1.5909,high,0.31,0.155,0.6096,0.1524,0.15,0.15,6561,6561,1.8288,pfm,coarse,0.622272856618554
25,25,1.6364,high,0.31,0.155,0.6096,0.1524,0.15,0.15,6561,6561,1.8288,pfm,coarse,0.6346263466875459
26,26,1.6818,high,0.31,0.155,0.6096,0.1524,0.15,0.15,6561,6561,1.8288,pfm,coarse,0.6509536483225525
27,27,1.7273,high,0.31,0.155,0.6096,0.1524,0.15,0.15,6561,6561,1.8288,pfm,coarse,0.6578942136243293
28,28,1.7727,high,0.31,0.155,0.6096,0.1524,0.15,0.15,6561,6561,1.8288,pfm,coarse,0.6760255340999679
29,29,1.8182,high,0.31,0.155,0.6096,0.1524,0.15,0.15,6561,6561,1.8288,pfm,coarse,0.6789407117703743
30,30,1.8636,high,0.31,0.155,0.6096,0.1524,0.15,0.15,6561,6561,1.8288,pfm,coarse,0.698135712162163
31,31,1.9091,high,0.31,0.155,0.6096,0.1524,0.15,0.15,6561,6561,1.8288,pfm,coarse,0.7019271996204913
32,32,1.9545,high,0.31,0.155,0.6096,0.1524,0.15,0.15,6561,6561,1.8288,pfm,coarse,0.6977799704340232
33,33,2.0,high,0.31,0.155,0.6096,0.1524,0.15,0.15,6561,6561,1.8288,pfm,coarse,0.7015196435438387
34,34,2.0455,high,0.31,0.155,0.6096,0.1524,0.15,0.15,6561,6561,1.8288,pfm,coarse,0.717716742082747
35,35,2.0909,high,0.31,0.155,0.6096,0.1524,0.15,0.15,6561,6561,1.8288,pfm,coarse,0.7062738240026024
36,36,2.1364,high,0.31,0.155,0.6096,0.1524,0.15,0.15,6561,6561,1.8288,pfm,coarse,0.7180161500979254
37,37,2.1818,high,0.31,0.155,0.6096,0.1524,0.15,0.15,6561,6561,1.8288,pfm,coarse,0.7137362725628794
38,38,2.2273,high,0.31,0.155,0.6096,0.1524,0.15,0.15,6561,6561,1.8288,pfm,coarse,0.7180954406378932
39,39,2.2727,high,0.31,0.155,0.6096,0.1524,0.15,0.15,6561,6561,1.8288,pfm,coarse,0.7220703419647541
40,40,2.3182,high,0.31,0.155,0.6096,0.1524,0.15,0.15,6561,6561,1.8288,pfm,coarse,0.7180944722935503
41,41,2.3636,high,0.31,0.155,0.6096,0.1524,0.15,0.15,6561,6561,1.8288,pfm,coarse,0.7261890912818029
42,42,2.4091,high,0.31,0.155,0.6096,0.1524,0.15,0.15,6561,6561,1.8288,pfm,coarse,0.7388580180104647
43,43,2.4545,high,0.31,0.155,0.6096,0.1524,0.15,0.15,6561,6561,1.8288,pfm,coarse,0.7347231202547311
44,44,2.5,high,0.31,0.155,0.6096,0.1524,0.15,0.15,6561,6561,1.8288,pfm,coarse,0.7309714141509982
45,45,2.5455,high,0.31,0.155,0.6096,0.1524,0.15,0.15,6561,6561,1.8288,pfm,coarse,0.718504830920605
46,46,2.5909,high,0.31,0.155,0.6096,0.1524,0.15,0.15,6561,6561,1.8288,pfm,coarse,0.7259190762654546
47,47,2.6364,high,0.31,0.155,0.6096,0.1524,0.15,0.15,6561,6561,1.8288,pfm,coarse,0.730549445745978
48,48,2.6818,high,0.31,0.155,0.6096,0.1524,0.15,0.15,6561,6561,1.8288,pfm,coarse,0.722838002324356
49,49,2.7273,high,0.31,0.155,0.6096,0.1524,0.15,0.15,6561,6561,1.8288,pfm,coarse,0.7271555759353672
50,50,2.7727,high,0.31,0.155,0.6096,0.1524,0.15,0.15,6561,6561,1.8288,pfm,coarse,0.7306645134654737
51,51,2.8182,high,0.31,0.155,0.6096,0.1524,0.15,0.15,6561,6561,1.8288,pfm,coarse,0.7298379540256128
52,52,2.8636,high,0.31,0.155,0.6096,0.1524,0.15,0.15,6561,6561,1.8288,pfm,coarse,0.7394499181942686
53,53,2.9091,high,0.31,0.155,0.6096,0.1524,0.15,0.15,6561,6561,1.8288,pfm,coarse,0.7347906675170353
54,54,2.9545,high,0.31,0.155,0.6096,0.1524,0.15,0.15,6561,6561,1.8288,pfm,coarse,0.734906251670892
55,55,3.0,high,0.31,0.155,0.6096,0.1524,0.15,0.15,6561,6561,1.8288,pfm,coarse,0.734890615964623
56,56,3.0455,high,0.31,0.155,0.6096,0.1524,0.15,0.15,6561,6561,1.8288,pfm,coarse,0.7350049537044964
57,57,3.0909,high,0.31,0.155,0.6096,0.1524,0.15,0.15,6561,6561,1.8288,pfm,coarse,0.7300695357372243
58,58,3.1364,high,0.31,0.155,0.6096,0.1524,0.15,0.15,6561,6561,1.8288,pfm,coarse,0.734508000225676
59,59,3.1818,high,0.31,0.155,0.6096,0.1524,0.15,0.15,6561,6561,1.8288,pfm,coarse,0.7299673038797222
60,60,3.2273,high,0.31,0.155,0.6096,0.1524,0.15,0.15,6561,6561,1.8288,pfm,coarse,0.718156383844506
61,61,3.2727,high,0.31,0.155,0.6096,0.1524,0.15,0.15,6561,6561,1.8288,pfm,coarse,0.7389766854398073
62,62,3.3182,high,0.31,0.155,0.6096,0.1524,0.15,0.15,6561,6561,1.8288,pfm,coarse,0.7309254025764342
63,63,3.3636,high,0.31,0.155,0.6096,0.1524,0.15,0.15,6561,6561,1.8288,pfm,coarse,0.7437685328810724
64,64,3.4091,high,0.31,0.155,0.6096,0.1524,0.15,0.15,6561,6561,1.8288,pfm,coarse,0.7307799392171643
65,65,3.4545,high,0.31,0.155,0.6096,0.1524,0.15,0.15,6561,6561,1.8288,pfm,coarse,0.7300694094220028
66,66,3.5,high,0.31,0.155,0.6096,0.1524,0.15,0.15,6561,6561,1.8288,pfm,coarse,0.7225914231878398
67,67,3.5455,high,0.31,0.155,0.6096,0.1524,0.15,0.15,6561,6561,1.8288,pfm,coarse,0.7262596610691414
68,68,3.5909,high,0.31,0.155,0.6096,0.1524,0.15,0.15,6561,6561,1.8288,pfm,coarse,0.7216718744162265
69,69,3.6364,high,0.31,0.155,0.6096,0.1524,0.15,0.15,6561,6561,1.8288,pfm,coarse,0.7392847833325026
70,70,3.6818,high,0.31,0.155,0.6096,0.1524,0.15,0.15,6561,6561,1.8288,pfm,coarse,0.7255809112632032
71,71,3.7273,high,0.31,0.155,0.6096,0.1524,0.15,0.15,6561,6561,1.8288,pfm,coarse,0.7452845110826138
72,72,3.7727,high,0.31,0.155,0.6096,0.1524,0.15,0.15,6561,6561,1.8288,pfm,coarse,0.7393720283657728
73,73,3.8182,high,0.31,0.155,0.6096,0.1524,0.15,0.15,6561,6561,1.8288,pfm,coarse,0.7346964174394266
74,74,3.8636,high,0.31,0.155,0.6096,0.1524,0.15,0.15,6561,6561,1.8288,pfm,coarse,0.7433052112861003
75,75,3.9091,high,0.31,0.155,0.6096,0.1524,0.15,0.15,6561,6561,1.8288,pfm,coarse,0.7353096794213599
76,76,3.9545,high,0.31,0.155,0.6096,0.1524,0.15,0.15,6561,6561,1.8288,pfm,coarse,0.7351065068245977
77,77,4.0,high,0.31,0.155,0.6096,0.1524,0.15,0.15,6561,6561,1.8288,pfm,coarse,0.7396564703721074
78,78,4.0455,high,0.31,0.155,0.6096,0.1524,0.15,0.15,6561,6561,1.8288,pfm,coarse,0.7674894232005426
79,79,4.0909,high,0.31,0.155,0.6096,0.1524,0.15,0.15,6561,6561,1.8288,pfm,coarse,0.7498151531317621
80,80,4.1364,high,0.31,0.155,0.6096,0.1524,0.15,0.15,6561,6561,1.8288,pfm,coarse,0.7506600413840407
81,81,4.1818,high,0.31,0.155,0.6096,0.1524,0.15,0.15,6561,6561,1.8288,pfm,coarse,0.7184427425744608
82,82,4.2273,high,0.31,0.155,0.6096,0.1524,0.15,0.15,6561,6561,1.8288,pfm,coarse,0.7266935676325172
83,83,4.2727,high,0.31,0.155,0.6096,0.1524,0.15,0.15,6561,6561,1.8288,pfm,coarse,0.7315267831581891
84,84,4.3182,high,0.31,0.155,0.6096,0.1524,0.15,0.15,6561,6561,1.8288,pfm,coarse,0.7635771554018216
85,85,4.3636,high,0.31,0.155,0.6096,0.1524,0.15,0.15,6561,6561,1.8288,pfm,coarse,0.7311433780602661
86,86,4.4091,high,0.31,0.155,0.6096,0.1524,0.15,0.15,6561,6561,1.8288,pfm,coarse,0.7267334348487933
87,87,4.4545,high,0.31,0.155,0.6096,0.1524,0.15,0.15,6561,6561,1.8288,pfm,coarse,0.7453589367807845
88,88,4.5,high,0.31,0.155,0.6096,0.1524,0.15,0.15,6561,6561,1.8288,pfm,coarse,0.7566177456752319
89,89,4.5455,high,0.31,0.155,0.6096,0.1524,0.15,0.15,6561,6561,1.8288,pfm,coarse,0.731908240371191
90,90,4.5909,high,0.31,0.155,0.6096,0.1524,0.15,0.15,6561,6561,1.8288,pfm,coarse,0.7312781966071205
91,91,4.6364,high,0.31,0.155,0.6096,0.1524,0.15,0.15,6561,6561,1.8288,pfm,coarse,0.7470451807679419
92,92,4.6818,high,0.31,0.155,0.6096,0.1524,0.15,0.15,6561,6561,1.8288,pfm,coarse,0.7642818786821868
93,93,4.7273,high,0.31,0.155,0.6096,0.1524,0.15,0.15,6561,6561,1.8288,pfm,coarse,0.7724185638069057
94,94,4.7727,high,0.31,0.155,0.6096,0.1524,0.15,0.15,6561,6561,1.8288,pfm,coarse,0.7187044155932363
95,95,4.8182,high,0.31,0.155,0.6096,0.1524,0.15,0.15,6561,6561,1.8288,pfm,coarse,0.7514724743809911
96,96,4.8636,high,0.31,0.155,0.6096,0.1524,0.15,0.15,6561,6561,1.8288,pfm,coarse,0.7107442271629762
97,97,4.9091,high,0.31,0.155,0.6096,0.1524,0.15,0.15,6561,6561,1.8288,pfm,coarse,0.7244847534848322
98,98,4.9545,high,0.31,0.155,0.6096,0.1524,0.15,0.15,6561,6561,1.8288,pfm,coarse,0.7325708032763704
99,99,5.0,high,0.31,0.155,0.6096,0.1524,0.15,0.15,6561,6561,1.8288,pfm,coarse,0.7193095383066033
100,100,0.5,medium,0.19,0.095,0.6096,0.1524,0.15,0.15,6561,6561,1.8288,pfm,coarse,
101,101,0.5455,medium,0.19,0.095,0.6096,0.1524,0.15,0.15,6561,6561,1.8288,pfm,coarse,
102,102,0.5909,medium,0.19,0.095,0.6096,0.1524,0.15,0.15,6561,6561,1.8288,pfm,coarse,
103,103,0.6364,medium,0.19,0.095,0.6096,0.1524,0.15,0.15,6561,6561,1.8288,pfm,coarse,
104,104,0.6818,medium,0.19,0.095,0.6096,0.1524,0.15,0.15,6561,6561,1.8288,pfm,coarse,
105,105,0.7273,medium,0.19,0.095,0.6096,0.1524,0.15,0.15,6561,6561,1.8288,pfm,coarse,
106,106,0.7727,medium,0.19,0.095,0.6096,0.1524,0.15,0.15,6561,6561,1.8288,pfm,coarse,
107,107,0.8182,medium,0.19,0.095,0.6096,0.1524,0.15,0.15,6561,6561,1.8288,pfm,coarse,
108,108,0.8636,medium,0.19,0.095,0.6096,0.1524,0.15,0.15,6561,6561,1.8288,pfm,coarse,
109,109,0.9091,medium,0.19,0.095,0.6096,0.1524,0.15,0.15,6561,6561,1.8288,pfm,coarse,
110,110,0.9545,medium,0.19,0.095,0.6096,0.1524,0.15,0.15,6561,6561,1.8288,pfm,coarse,
111,111,1.0,medium,0.19,0.095,0.6096,0.1524,0.15,0.15,6561,6561,1.8288,pfm,coarse,
112,112,1.0455,medium,0.19,0.095,0.6096,0.1524,0.15,0.15,6561,6561,1.8288,pfm,coarse,
113,113,1.0909,medium,0.19,0.095,0.6096,0.1524,0.15,0.15,6561,6561,1.8288,pfm,coarse,
114,114,1.1364,medium,0.19,0.095,0.6096,0.1524,0.15,0.15,6561,6561,1.8288,pfm,coarse,
115,115,1.1818,medium,0.19,0.095,0.6096,0.1524,0.15,0.15,6561,6561,1.8288,pfm,coarse,
116,116,1.2273,medium,0.19,0.095,0.6096,0.1524,0.15,0.15,6561,6561,1.8288,pfm,coarse,
117,117,1.2727,medium,0.19,0.095,0.6096,0.1524,0.15,0.15,6561,6561,1.8288,pfm,coarse,
118,118,1.3182,medium,0.19,0.095,0.6096,0.1524,0.15,0.15,6561,6561,1.8288,pfm,coarse,
119,119,1.3636,medium,0.19,0.095,0.6096,0.1524,0.15,0.15,6561,6561,1.8288,pfm,coarse,
120,120,1.4091,medium,0.19,0.095,0.6096,0.1524,0.15,0.15,6561,6561,1.8288,pfm,coarse,
121,121,1.4545,medium,0.19,0.095,0.6096,0.1524,0.15,0.15,6561,6561,1.8288,pfm,coarse,
122,122,1.5,medium,0.19,0.095,0.6096,0.1524,0.15,0.15,6561,6561,1.8288,pfm,coarse,
123,123,1.5455,medium,0.19,0.095,0.6096,0.1524,0.15,0.15,6561,6561,1.8288,pfm,coarse,
124,124,1.5909,medium,0.19,0.095,0.6096,0.1524,0.15,0.15,6561,6561,1.8288,pfm,coarse,
125,125,1.6364,medium,0.19,0.095,0.6096,0.1524,0.15,0.15,6561,6561,1.8288,pfm,coarse,
126,126,1.6818,medium,0.19,0.095,0.6096,0.1524,0.15,0.15,6561,6561,1.8288,pfm,coarse,
127,127,1.7273,medium,0.19,0.095,0.6096,0.1524,0.15,0.15,6561,6561,1.8288,pfm,coarse,
128,128,1.7727,medium,0.19,0.095,0.6096,0.1524,0.15,0.15,6561,6561,1.8288,pfm,coarse,
129,129,1.8182,medium,0.19,0.095,0.6096,0.1524,0.15,0.15,6561,6561,1.8288,pfm,coarse,
130,130,1.8636,medium,0.19,0.095,0.6096,0.1524,0.15,0.15,6561,6561,1.8288,pfm,coarse,
131,131,1.9091,medium,0.19,0.095,0.6096,0.1524,0.15,0.15,6561,6561,1.8288,pfm,coarse,
132,132,1.9545,medium,0.19,0.095,0.6096,0.1524,0.15,0.15,6561,6561,1.8288,pfm,coarse,
133,133,2.0,medium,0.19,0.095,0.6096,0.1524,0.15,0.15,6561,6561,1.8288,pfm,coarse,
134,134,2.0455,medium,0.19,0.095,0.6096,0.1524,0.15,0.15,6561,6561,1.8288,pfm,coarse,
135,135,2.0909,medium,0.19,0.095,0.6096,0.1524,0.15,0.15,6561,6561,1.8288,pfm,coarse,
136,136,2.1364,medium,0.19,0.095,0.6096,0.1524,0.15,0.15,6561,6561,1.8288,pfm,coarse,
137,137,2.1818,medium,0.19,0.095,0.6096,0.1524,0.15,0.15,6561,6561,1.8288,pfm,coarse,
138,138,2.2273,medium,0.19,0.095,0.6096,0.1524,0.15,0.15,6561,6561,1.8288,pfm,coarse,
139,139,2.2727,medium,0.19,0.095,0.6096,0.1524,0.15,0.15,6561,6561,1.8288,pfm,coarse,
140,140,2.3182,medium,0.19,0.095,0.6096,0.1524,0.15,0.15,6561,6561,1.8288,pfm,coarse,
141,141,2.3636,medium,0.19,0.095,0.6096,0.1524,0.15,0.15,6561,6561,1.8288,pfm,coarse,
142,142,2.4091,medium,0.19,0.095,0.6096,0.1524,0.15,0.15,6561,6561,1.8288,pfm,coarse,
143,143,2.4545,medium,0.19,0.095,0.6096,0.1524,0.15,0.15,6561,6561,1.8288,pfm,coarse,
144,144,2.5,medium,0.19,0.095,0.6096,0.1524,0.15,0.15,6561,6561,1.8288,pfm,coarse,
145,145,2.5455,medium,0.19,0.095,0.6096,0.1524,0.15,0.15,6561,6561,1.8288,pfm,coarse,
146,146,2.5909,medium,0.19,0.095,0.6096,0.1524,0.15,0.15,6561,6561,1.8288,pfm,coarse,
147,147,2.6364,medium,0.19,0.095,0.6096,0.1524,0.15,0.15,6561,6561,1.8288,pfm,coarse,
148,148,2.6818,medium,0.19,0.095,0.6096,0.1524,0.15,0.15,6561,6561,1.8288,pfm,coarse,
149,149,2.7273,medium,0.19,0.095,0.6096,0.1524,0.15,0.15,6561,6561,1.8288,pfm,coarse,
150,150,2.7727,medium,0.19,0.095,0.6096,0.1524,0.15,0.15,6561,6561,1.8288,pfm,coarse,
151,151,2.8182,medium,0.19,0.095,0.6096,0.1524,0.15,0.15,6561,6561,1.8288,pfm,coarse,
152,152,2.8636,medium,0.19,0.095,0.6096,0.1524,0.15,0.15,6561,6561,1.8288,pfm,coarse,
153,153,2.9091,medium,0.19,0.095,0.6096,0.1524,0.15,0.15,6561,6561,1.8288,pfm,coarse,
154,154,2.9545,medium,0.19,0.095,0.6096,0.1524,0.15,0.15,6561,6561,1.8288,pfm,coarse,
155,155,3.0,medium,0.19,0.095,0.6096,0.1524,0.15,0.15,6561,6561,1.8288,pfm,coarse,
156,156,3.0455,medium,0.19,0.095,0.6096,0.1524,0.15,0.15,6561,6561,1.8288,pfm,coarse,
157,157,3.0909,medium,0.19,0.095,0.6096,0.1524,0.15,0.15,6561,6561,1.8288,pfm,coarse,
158,158,3.1364,medium,0.19,0.095,0.6096,0.1524,0.15,0.15,6561,6561,1.8288,pfm,coarse,
159,159,3.1818,medium,0.19,0.095,0.6096,0.1524,0.15,0.15,6561,6561,1.8288,pfm,coarse,
160,160,3.2273,medium,0.19,0.095,0.6096,0.1524,0.15,0.15,6561,6561,1.8288,pfm,coarse,
161,161,3.2727,medium,0.19,0.095,0.6096,0.1524,0.15,0.15,6561,6561,1.8288,pfm,coarse,
162,162,3.3182,medium,0.19,0.095,0.6096,0.1524,0.15,0.15,6561,6561,1.8288,pfm,coarse,
163,163,3.3636,medium,0.19,0.095,0.6096,0.1524,0.15,0.15,6561,6561,1.8288,pfm,coarse,
164,164,3.4091,medium,0.19,0.095,0.6096,0.1524,0.15,0.15,6561,6561,1.8288,pfm,coarse,
165,165,3.4545,medium,0.19,0.095,0.6096,0.1524,0.15,0.15,6561,6561,1.8288,pfm,coarse,
166,166,3.5,medium,0.19,0.095,0.6096,0.1524,0.15,0.15,6561,6561,1.8288,pfm,coarse,
167,167,3.5455,medium,0.19,0.095,0.6096,0.1524,0.15,0.15,6561,6561,1.8288,pfm,coarse,
168,168,3.5909,medium,0.19,0.095,0.6096,0.1524,0.15,0.15,6561,6561,1.8288,pfm,coarse,
169,169,3.6364,medium,0.19,0.095,0.6096,0.1524,0.15,0.15,6561,6561,1.8288,pfm,coarse,
170,170,3.6818,medium,0.19,0.095,0.6096,0.1524,0.15,0.15,6561,6561,1.8288,pfm,coarse,
171,171,3.7273,medium,0.19,0.095,0.6096,0.1524,0.15,0.15,6561,6561,1.8288,pfm,coarse,
172,172,3.7727,medium,0.19,0.095,0.6096,0.1524,0.15,0.15,6561,6561,1.8288,pfm,coarse,
173,173,3.8182,medium,0.19,0.095,0.6096,0.1524,0.15,0.15,6561,6561,1.8288,pfm,coarse,
174,174,3.8636,medium,0.19,0.095,0.6096,0.1524,0.15,0.15,6561,6561,1.8288,pfm,coarse,
175,175,3.9091,medium,0.19,0.095,0.6096,0.1524,0.15,0.15,6561,6561,1.8288,pfm,coarse,
176,176,3.9545,medium,0.19,0.095,0.6096,0.1524,0.15,0.15,6561,6561,1.8288,pfm,coarse,
177,177,4.0,medium,0.19,0.095,0.6096,0.1524,0.15,0.15,6561,6561,1.8288,pfm,coarse,
178,178,4.0455,medium,0.19,0.095,0.6096,0.1524,0.15,0.15,6561,6561,1.8288,pfm,coarse,
179,179,4.0909,medium,0.19,0.095,0.6096,0.1524,0.15,0.15,6561,6561,1.8288,pfm,coarse,
180,180,4.1364,medium,0.19,0.095,0.6096,0.1524,0.15,0.15,6561,6561,1.8288,pfm,coarse,
181,181,4.1818,medium,0.19,0.095,0.6096,0.1524,0.15,0.15,6561,6561,1.8288,pfm,coarse,
182,182,4.2273,medium,0.19,0.095,0.6096,0.1524,0.15,0.15,6561,6561,1.8288,pfm,coarse,
183,183,4.2727,medium,0.19,0.095,0.6096,0.1524,0.15,0.15,6561,6561,1.8288,pfm,coarse,
184,184,4.3182,medium,0.19,0.095,0.6096,0.1524,0.15,0.15,6561,6561,1.8288,pfm,coarse,
185,185,4.3636,medium,0.19,0.095,0.6096,0.1524,0.15,0.15,6561,6561,1.8288,pfm,coarse,
186,186,4.4091,medium,0.19,0.095,0.6096,0.1524,0.15,0.15,6561,6561,1.8288,pfm,coarse,
187,187,4.4545,medium,0.19,0.095,0.6096,0.1524,0.15,0.15,6561,6561,1.8288,pfm,coarse,
188,188,4.5,medium,0.19,0.095,0.6096,0.1524,0.15,0.15,6561,6561,1.8288,pfm,coarse,
189,189,4.5455,medium,0.19,0.095,0.6096,0.1524,0.15,0.15,6561,6561,1.8288,pfm,coarse,
190,190,4.5909,medium,0.19,0.095,0.6096,0.1524,0.15,0.15,6561,6561,1.8288,pfm,coarse,
191,191,4.6364,medium,0.19,0.095,0.6096,0.1524,0.15,0.15,6561,6561,1.8288,pfm,coarse,
192,192,4.6818,medium,0.19,0.095,0.6096,0.1524,0.15,0.15,6561,6561,1.8288,pfm,coarse,
193,193,4.7273,medium,0.19,0.095,0.6096,0.1524,0.15,0.15,6561,6561,1.8288,pfm,coarse,
194,194,4.7727,medium,0.19,0.095,0.6096,0.1524,0.15,0.15,6561,6561,1.8288,pfm,coarse,
195,195,4.8182,medium,0.19,0.095,0.6096,0.1524,0.15,0.15,6561,6561,1.8288,pfm,coarse,
196,196,4.8636,medium,0.19,0.095,0.6096,0.1524,0.15,0.15,6561,6561,1.8288,pfm,coarse,
197,197,4.9091,medium,0.19,0.095,0.6096,0.1524,0.15,0.15,6561,6561,1.8288,pfm,coarse,
198,198,4.9545,medium,0.19,0.095,0.6096,0.1524,0.15,0.15,6561,6561,1.8288,pfm,coarse,
199,199,5.0,medium,0.19,0.095,0.6096,0.1524,0.15,0.15,6561,6561,1.8288,pfm,coarse,
200,200,0.5,low,0.07,0.035,0.6096,0.1524,0.15,0.15,6561,6561,1.8288,pfm,coarse,
201,201,0.5455,low,0.07,0.035,0.6096,0.1524,0.15,0.15,6561,6561,1.8288,pfm,coarse,
202,202,0.5909,low,0.07,0.035,0.6096,0.1524,0.15,0.15,6561,6561,1.8288,pfm,coarse,
203,203,0.6364,low,0.07,0.035,0.6096,0.1524,0.15,0.15,6561,6561,1.8288,pfm,coarse,
204,204,0.6818,low,0.07,0.035,0.6096,0.1524,0.15,0.15,6561,6561,1.8288,pfm,coarse,
205,205,0.7273,low,0.07,0.035,0.6096,0.1524,0.15,0.15,6561,6561,1.8288,pfm,coarse,
206,206,0.7727,low,0.07,0.035,0.6096,0.1524,0.15,0.15,6561,6561,1.8288,pfm,coarse,
207,207,0.8182,low,0.07,0.035,0.6096,0.1524,0.15,0.15,6561,6561,1.8288,pfm,coarse,
208,208,0.8636,low,0.07,0.035,0.6096,0.1524,0.15,0.15,6561,6561,1.8288,pfm,coarse,
209,209,0.9091,low,0.07,0.035,0.6096,0.1524,0.15,0.15,6561,6561,1.8288,pfm,coarse,
210,210,0.9545,low,0.07,0.035,0.6096,0.1524,0.15,0.15,6561,6561,1.8288,pfm,coarse,
211,211,1.0,low,0.07,0.035,0.6096,0.1524,0.15,0.15,6561,6561,1.8288,pfm,coarse,
212,212,1.0455,low,0.07,0.035,0.6096,0.1524,0.15,0.15,6561,6561,1.8288,pfm,coarse,
213,213,1.0909,low,0.07,0.035,0.6096,0.1524,0.15,0.15,6561,6561,1.8288,pfm,coarse,
214,214,1.1364,low,0.07,0.035,0.6096,0.1524,0.15,0.15,6561,6561,1.8288,pfm,coarse,
215,215,1.1818,low,0.07,0.035,0.6096,0.1524,0.15,0.15,6561,6561,1.8288,pfm,coarse,
216,216,1.2273,low,0.07,0.035,0.6096,0.1524,0.15,0.15,6561,6561,1.8288,pfm,coarse,
217,217,1.2727,low,0.07,0.035,0.6096,0.1524,0.15,0.15,6561,6561,1.8288,pfm,coarse,
218,218,1.3182,low,0.07,0.035,0.6096,0.1524,0.15,0.15,6561,6561,1.8288,pfm,coarse,
219,219,1.3636,low,0.07,0.035,0.6096,0.1524,0.15,0.15,6561,6561,1.8288,pfm,coarse,
220,220,1.4091,low,0.07,0.035,0.6096,0.1524,0.15,0.15,6561,6561,1.8288,pfm,coarse,
221,221,1.4545,low,0.07,0.035,0.6096,0.1524,0.15,0.15,6561,6561,1.8288,pfm,coarse,
222,222,1.5,low,0.07,0.035,0.6096,0.1524,0.15,0.15,6561,6561,1.8288,pfm,coarse,
223,223,1.5455,low,0.07,0.035,0.6096,0.1524,0.15,0.15,6561,6561,1.8288,pfm,coarse,
224,224,1.5909,low,0.07,0.035,0.6096,0.1524,0.15,0.15,6561,6561,1.8288,pfm,coarse,
225,225,1.6364,low,0.07,0.035,0.6096,0.1524,0.15,0.15,6561,6561,1.8288,pfm,coarse,
226,226,1.6818,low,0.07,0.035,0.6096,0.1524,0.15,0.15,6561,6561,1.8288,pfm,coarse,
227,227,1.7273,low,0.07,0.035,0.6096,0.1524,0.15,0.15,6561,6561,1.8288,pfm,coarse,
228,228,1.7727,low,0.07,0.035,0.6096,0.1524,0.15,0.15,6561,6561,1.8288,pfm,coarse,
229,229,1.8182,low,0.07,0.035,0.6096,0.1524,0.15,0.15,6561,6561,1.8288,pfm,coarse,
230,230,1.8636,low,0.07,0.035,0.6096,0.1524,0.15,0.15,6561,6561,1.8288,pfm,coarse,
231,231,1.9091,low,0.07,0.035,0.6096,0.1524,0.15,0.15,6561,6561,1.8288,pfm,coarse,
232,232,1.9545,low,0.07,0.035,0.6096,0.1524,0.15,0.15,6561,6561,1.8288,pfm,coarse,
233,233,2.0,low,0.07,0.035,0.6096,0.1524,0.15,0.15,6561,6561,1.8288,pfm,coarse,
234,234,2.0455,low,0.07,0.035,0.6096,0.1524,0.15,0.15,6561,6561,1.8288,pfm,coarse,
235,235,2.0909,low,0.07,0.035,0.6096,0.1524,0.15,0.15,6561,6561,1.8288,pfm,coarse,
236,236,2.1364,low,0.07,0.035,0.6096,0.1524,0.15,0.15,6561,6561,1.8288,pfm,coarse,
237,237,2.1818,low,0.07,0.035,0.6096,0.1524,0.15,0.15,6561,6561,1.8288,pfm,coarse,
238,238,2.2273,low,0.07,0.035,0.6096,0.1524,0.15,0.15,6561,6561,1.8288,pfm,coarse,
239,239,2.2727,low,0.07,0.035,0.6096,0.1524,0.15,0.15,6561,6561,1.8288,pfm,coarse,
240,240,2.3182,low,0.07,0.035,0.6096,0.1524,0.15,0.15,6561,6561,1.8288,pfm,coarse,
241,241,2.3636,low,0.07,0.035,0.6096,0.1524,0.15,0.15,6561,6561,1.8288,pfm,coarse,
242,242,2.4091,low,0.07,0.035,0.6096,0.1524,0.15,0.15,6561,6561,1.8288,pfm,coarse,
243,243,2.4545,low,0.07,0.035,0.6096,0.1524,0.15,0.15,6561,6561,1.8288,pfm,coarse,
244,244,2.5,low,0.07,0.035,0.6096,0.1524,0.15,0.15,6561,6561,1.8288,pfm,coarse,
245,245,2.5455,low,0.07,0.035,0.6096,0.1524,0.15,0.15,6561,6561,1.8288,pfm,coarse,
246,246,2.5909,low,0.07,0.035,0.6096,0.1524,0.15,0.15,6561,6561,1.8288,pfm,coarse,
247,247,2.6364,low,0.07,0.035,0.6096,0.1524,0.15,0.15,6561,6561,1.8288,pfm,coarse,
248,248,2.6818,low,0.07,0.035,0.6096,0.1524,0.15,0.15,6561,6561,1.8288,pfm,coarse,
249,249,2.7273,low,0.07,0.035,0.6096,0.1524,0.15,0.15,6561,6561,1.8288,pfm,coarse,
250,250,2.7727,low,0.07,0.035,0.6096,0.1524,0.15,0.15,6561,6561,1.8288,pfm,coarse,
251,251,2.8182,low,0.07,0.035,0.6096,0.1524,0.15,0.15,6561,6561,1.8288,pfm,coarse,
252,252,2.8636,low,0.07,0.035,0.6096,0.1524,0.15,0.15,6561,6561,1.8288,pfm,coarse,
253,253,2.9091,low,0.07,0.035,0.6096,0.1524,0.15,0.15,6561,6561,1.8288,pfm,coarse,
254,254,2.9545,low,0.07,0.035,0.6096,0.1524,0.15,0.15,6561,6561,1.8288,pfm,coarse,
255,255,3.0,low,0.07,0.035,0.6096,0.1524,0.15,0.15,6561,6561,1.8288,pfm,coarse,
256,256,3.0455,low,0.07,0.035,0.6096,0.1524,0.15,0.15,6561,6561,1.8288,pfm,coarse,
257,257,3.0909,low,0.07,0.035,0.6096,0.1524,0.15,0.15,6561,6561,1.8288,pfm,coarse,
258,258,3.1364,low,0.07,0.035,0.6096,0.1524,0.15,0.15,6561,6561,1.8288,pfm,coarse,
259,259,3.1818,low,0.07,0.035,0.6096,0.1524,0.15,0.15,6561,6561,1.8288,pfm,coarse,
260,260,3.2273,low,0.07,0.035,0.6096,0.1524,0.15,0.15,6561,6561,1.8288,pfm,coarse,
261,261,3.2727,low,0.07,0.035,0.6096,0.1524,0.15,0.15,6561,6561,1.8288,pfm,coarse,
262,262,3.3182,low,0.07,0.035,0.6096,0.1524,0.15,0.15,6561,6561,1.8288,pfm,coarse,
263,263,3.3636,low,0.07,0.035,0.6096,0.1524,0.15,0.15,6561,6561,1.8288,pfm,coarse,
264,264,3.4091,low,0.07,0.035,0.6096,0.1524,0.15,0.15,6561,6561,1.8288,pfm,coarse,
265,265,3.4545,low,0.07,0.035,0.6096,0.1524,0.15,0.15,6561,6561,1.8288,pfm,coarse,
266,266,3.5,low,0.07,0.035,0.6096,0.1524,0.15,0.15,6561,6561,1.8288,pfm,coarse,
267,267,3.5455,low,0.07,0.035,0.6096,0.1524,0.15,0.15,6561,6561,1.8288,pfm,coarse,
268,268,3.5909,low,0.07,0.035,0.6096,0.1524,0.15,0.15,6561,6561,1.8288,pfm,coarse,
269,269,3.6364,low,0.07,0.035,0.6096,0.1524,0.15,0.15,6561,6561,1.8288,pfm,coarse,
270,270,3.6818,low,0.07,0.035,0.6096,0.1524,0.15,0.15,6561,6561,1.8288,pfm,coarse,
271,271,3.7273,low,0.07,0.035,0.6096,0.1524,0.15,0.15,6561,6561,1.8288,pfm,coarse,
272,272,3.7727,low,0.07,0.035,0.6096,0.1524,0.15,0.15,6561,6561,1.8288,pfm,coarse,
273,273,3.8182,low,0.07,0.035,0.6096,0.1524,0.15,0.15,6561,6561,1.8288,pfm,coarse,
274,274,3.8636,low,0.07,0.035,0.6096,0.1524,0.15,0.15,6561,6561,1.8288,pfm,coarse,
275,275,3.9091,low,0.07,0.035,0.6096,0.1524,0.15,0.15,6561,6561,1.8288,pfm,coarse,
276,276,3.9545,low,0.07,0.035,0.6096,0.1524,0.15,0.15,6561,6561,1.8288,pfm,coarse,
277,277,4.0,low,0.07,0.035,0.6096,0.1524,0.15,0.15,6561,6561,1.8288,pfm,coarse,
278,278,4.0455,low,0.07,0.035,0.6096,0.1524,0.15,0.15,6561,6561,1.8288,pfm,coarse,
279,279,4.0909,low,0.07,0.035,0.6096,0.1524,0.15,0.15,6561,6561,1.8288,pfm,coarse,
280,280,4.1364,low,0.07,0.035,0.6096,0.1524,0.15,0.15,6561,6561,1.8288,pfm,coarse,
281,281,4.1818,low,0.07,0.035,0.6096,0.1524,0.15,0.15,6561,6561,1.8288,pfm,coarse,
282,282,4.2273,low,0.07,0.035,0.6096,0.1524,0.15,0.15,6561,6561,1.8288,pfm,coarse,
283,283,4.2727,low,0.07,0.035,0.6096,0.1524,0.15,0.15,6561,6561,1.8288,pfm,coarse,
284,284,4.3182,low,0.07,0.035,0.6096,0.1524,0.15,0.15,6561,6561,1.8288,pfm,coarse,
285,285,4.3636,low,0.07,0.035,0.6096,0.1524,0.15,0.15,6561,6561,1.8288,pfm,coarse,
286,286,4.4091,low,0.07,0.035,0.6096,0.1524,0.15,0.15,6561,6561,1.8288,pfm,coarse,
287,287,4.4545,low,0.07,0.035,0.6096,0.1524,0.15,0.15,6561,6561,1.8288,pfm,coarse,
288,288,4.5,low,0.07,0.035,0.6096,0.1524,0.15,0.15,6561,6561,1.8288,pfm,coarse,
289,289,4.5455,low,0.07,0.035,0.6096,0.1524,0.15,0.15,6561,6561,1.8288,pfm,coarse,
290,290,4.5909,low,0.07,0.035,0.6096,0.1524,0.15,0.15,6561,6561,1.8288,pfm,coarse,
291,291,4.6364,low,0.07,0.035,0.6096,0.1524,0.15,0.15,6561,6561,1.8288,pfm,coarse,
292,292,4.6818,low,0.07,0.035,0.6096,0.1524,0.15,0.15,6561,6561,1.8288,pfm,coarse,
293,293,4.7273,low,0.07,0.035,0.6096,0.1524,0.15,0.15,6561,6561,1.8288,pfm,coarse,
294,294,4.7727,low,0.07,0.035,0.6096,0.1524,0.15,0.15,6561,6561,1.8288,pfm,coarse,
295,295,4.8182,low,0.07,0.035,0.6096,0.1524,0.15,0.15,6561,6561,1.8288,pfm,coarse,
296,296,4.8636,low,0.07,0.035,0.6096,0.1524,0.15,0.15,6561,6561,1.8288,pfm,coarse,
297,297,4.9091,low,0.07,0.035,0.6096,0.1524,0.15,0.15,6561,6561,1.8288,pfm,coarse,
298,298,4.9545,low,0.07,0.035,0.6096,0.1524,0.15,0.15,6561,6561,1.8288,pfm,coarse,
299,299,5.0,low,0.07,0.035,0.6096,0.1524,0.15,0.15,6561,6561,1.8288,pfm,coarse,
